모델,REVISION번호,화일명
APG-3013H,A1,ASES-500-03_APG-3013H_adjustment.pdf
APG-2013H,A1,ASES-500-04_APG-2013H_adjustment.pdf
APG-5013H,A1,ASES-500-04_APG-5013H_adjustment.pdf
APG-3002H,A1,ASES-500-05_APG-3002H_adjustment.pdf
APG-1013,A1,ASES-500-06_APG-1013_adjustment.pdf
APG-3100,A1,ASES-500-08_APG-3100_adjustment.pdf
AGL-1004H,A0,ASES-500-09_AGL-1004H_adjustment.pdf
APG-10013,A1,ASES-500-12_APG-10013_adjustment.pdf
APG-2027,A1,ASES-500-13_APG-2027_adjustment.pdf
APG-2060,A1,ASES-500-14_APG-2060_adjustment.pdf
APG-2012HD,A1,ASES-500-16_APG-2012HD_adjustment.pdf
APG-1027H,A1,ASES-500-19_APG-1027H_adjustment.pdf
APG-2057H,A1,ASES-500-21_APG-2057H_adjustment.pdf
APG-2040H,A1,ASES-500-22_APG-2040H_adjustment.pdf
APG-1513,R1,ASES-200-66_APG-1513_adjustment.pdf
APG-1513D,R1,ASES-200-67_APG-1513D_adjustment.pdf
APG-2027H,미기재,ASES-200-72_APG-2027H_adjustment.pdf
APG-2040H,A0,ASES-200-73_APG-2040H_adjustment.pdf
APG-2057H,A0,ASES-200-74_APG-2057H_adjustment.pdf
APG-2060H,A1,ASES-200-76_APG-2060H_adjustment.pdf
APG-3100,A0,ASES-200-79_APG-3100_adjustment.pdf
